perf,"alexnet:conv1",mb256ic3ih227oc96oh55kh11sh4n"alexnet:conv1",53.9726,0,1470.2,36.7111,1470.27,36.7094
perf,"alexnet:conv2",g2mb256ic96ih27oc256oh27kh5ph2n"alexnet:conv2",104.696,0,583.158,179.533,583.476,179.435
perf,"alexnet:conv3",mb256ic256ih13oc384oh13kh3ph1n"alexnet:conv3",68.904,0,414.192,166.358,414.505,166.232
perf,"alexnet:conv4",g2mb256ic384ih13oc384oh13kh3ph1n"alexnet:conv4",51.678,0,307.247,168.197,307.444,168.089
perf,"alexnet:conv5",g2mb256ic384ih13oc256oh13kh3ph1n"alexnet:conv5",34.452,0,249.509,138.079,249.711,137.968
perf,"vgg_19:conv1_1",mb64ic3ih224oc64oh224kh3ph1n"vgg_19:conv1_1",11.0322,0,420.898,26.211,420.995,26.205
perf,"vgg_19:conv1_2",mb64ic64ih224oc64oh224kh3ph1n"vgg_19:conv1_2",235.353,0,2590.41,90.8554,2590.53,90.8514
perf,"vgg_19:conv2_1",mb64ic64ih112oc128oh112kh3ph1n"vgg_19:conv2_1",116.975,0,607.799,192.457,607.847,192.441
perf,"vgg_19:conv2_2",mb64ic128ih112oc128oh112kh3ph1n"vgg_19:conv2_2",233.95,0,1218.83,191.946,1219.08,191.907
perf,"vgg_19:conv3_1",mb64ic128ih56oc256oh56kh3ph1n"vgg_19:conv3_1",115.578,0,410.036,281.873,410.275,281.709
perf,"vgg_19:conv3_2",mb64ic256ih56oc256oh56kh3ph1n"vgg_19:conv3_2",231.156,0,834.287,277.071,834.422,277.026
perf,"vgg_19:conv3_3",mb64ic256ih56oc256oh56kh3ph1n"vgg_19:conv3_3",231.156,0,834.362,277.046,834.418,277.027
perf,"vgg_19:conv3_4",mb64ic256ih56oc256oh56kh3ph1n"vgg_19:conv3_4",231.156,0,834.423,277.026,834.451,277.016
perf,"vgg_19:conv4_1",mb64ic256ih28oc512oh28kh3ph1n"vgg_19:conv4_1",112.81,0,396.484,284.526,396.646,284.41
perf,"vgg_19:conv4_2",mb64ic512ih28oc512oh28kh3ph1n"vgg_19:conv4_2",225.62,0,880.002,256.386,880.261,256.31
perf,"vgg_19:conv4_3",mb64ic512ih28oc512oh28kh3ph1n"vgg_19:conv4_3",225.62,0,880.115,256.353,880.162,256.339
perf,"vgg_19:conv4_4",mb64ic512ih28oc512oh28kh3ph1n"vgg_19:conv4_4",225.62,0,879.963,256.397,880.019,256.381
perf,"vgg_19:conv5_1",mb64ic512ih14oc512oh14kh3ph1n"vgg_19:conv5_1",53.6871,0,381.487,140.731,381.628,140.679
perf,"vgg_19:conv5_2",mb64ic512ih14oc512oh14kh3ph1n"vgg_19:conv5_2",53.6871,0,381.386,140.768,381.449,140.745
perf,"vgg_19:conv5_3",mb64ic512ih14oc512oh14kh3ph1n"vgg_19:conv5_3",53.6871,0,381.428,140.753,381.648,140.672
perf,"vgg_19:conv5_4",mb64ic512ih14oc512oh14kh3ph1n"vgg_19:conv5_4",53.6871,0,381.394,140.765,381.507,140.724
perf,"resnet_50:conv1",mb50ic3ih224oc64oh112kh7sh2ph3n"resnet_50:conv1",11.6215,0,441.906,26.2985,442.206,26.2806
perf,"resnet_50:res2a_branch1",mb50ic64ih56oc256oh56kh1n"resnet_50:res2a_branch1",5.13802,0,11.5459,445.008,11.7205,438.381
perf,"resnet_50:res2a_branch2a",mb50ic64ih56oc64oh56kh1n"resnet_50:res2a_branch2a",1.28451,0,3.01611,425.881,3.24508,395.832
perf,"resnet_50:res2a_branch2b",mb50ic64ih56oc64oh56kh3ph1n"resnet_50:res2a_branch2b",11.2869,0,91.875,122.851,92.1009,122.55
perf,"resnet_50:res2a_branch2c",mb50ic64ih56oc256oh56kh1n"resnet_50:res2a_branch2c",5.13802,0,11.5361,445.385,11.7167,438.521
perf,"resnet_50:res2b_branch2a",mb50ic256ih56oc64oh56kh1n"resnet_50:res2b_branch2a",5.13802,0,10.7109,479.699,10.9097,470.959
perf,"resnet_50:res2b_branch2b",mb50ic64ih56oc64oh56kh3ph1n"resnet_50:res2b_branch2b",11.2869,0,91.9441,122.759,92.1018,122.549
perf,"resnet_50:res2b_branch2c",mb50ic64ih56oc256oh56kh1n"resnet_50:res2b_branch2c",5.13802,0,11.5491,444.886,11.7002,439.14
perf,"resnet_50:res2c_branch2a",mb50ic256ih56oc64oh56kh1n"resnet_50:res2c_branch2a",5.13802,0,10.7529,477.825,10.9256,470.272
perf,"resnet_50:res2c_branch2b",mb50ic64ih56oc64oh56kh3ph1n"resnet_50:res2c_branch2b",11.2869,0,91.9309,122.776,92.0804,122.577
perf,"resnet_50:res2c_branch2c",mb50ic64ih56oc256oh56kh1n"resnet_50:res2c_branch2c",5.13802,0,11.5479,444.933,11.7153,438.572
perf,"resnet_50:res3a_branch1",mb50ic256ih56oc512oh28kh1sh2n"resnet_50:res3a_branch1",10.276,0,44.7349,229.71,44.9244,228.741
perf,"resnet_50:res3a_branch2a",mb50ic256ih56oc128oh28kh1sh2n"resnet_50:res3a_branch2a",2.56901,0,22.3521,114.934,22.5195,114.079
perf,"resnet_50:res3a_branch2b",mb50ic128ih28oc128oh28kh3ph1n"resnet_50:res3a_branch2b",11.0166,0,63.5149,173.449,63.6597,173.055
perf,"resnet_50:res3a_branch2c",mb50ic128ih28oc512oh28kh1n"resnet_50:res3a_branch2c",5.13802,0,17.4241,294.881,17.6065,291.825
perf,"resnet_50:res3b_branch2a",mb50ic512ih28oc128oh28kh1n"resnet_50:res3b_branch2a",5.13802,0,15.51,331.271,15.6699,327.892
perf,"resnet_50:res3b_branch2b",mb50ic128ih28oc128oh28kh3ph1n"resnet_50:res3b_branch2b",11.0166,0,63.5269,173.416,63.6669,173.035
perf,"resnet_50:res3b_branch2c",mb50ic128ih28oc512oh28kh1n"resnet_50:res3b_branch2c",5.13802,0,17.3972,295.336,17.5796,292.271
perf,"resnet_50:res3c_branch2a",mb50ic512ih28oc128oh28kh1n"resnet_50:res3c_branch2a",5.13802,0,15.5439,330.548,15.6668,327.956
perf,"resnet_50:res3c_branch2b",mb50ic128ih28oc128oh28kh3ph1n"resnet_50:res3c_branch2b",11.0166,0,63.4731,173.563,63.6834,172.99
perf,"resnet_50:res3c_branch2c",mb50ic128ih28oc512oh28kh1n"resnet_50:res3c_branch2c",5.13802,0,17.4219,294.918,17.6022,291.897
perf,"resnet_50:res3d_branch2a",mb50ic512ih28oc128oh28kh1n"resnet_50:res3d_branch2a",5.13802,0,15.5029,331.423,15.6253,328.827
perf,"resnet_50:res3d_branch2b",mb50ic128ih28oc128oh28kh3ph1n"resnet_50:res3d_branch2b",11.0166,0,63.5,173.49,63.6795,173.001
perf,"resnet_50:res3d_branch2c",mb50ic128ih28oc512oh28kh1n"resnet_50:res3d_branch2c",5.13802,0,17.4241,294.881,17.594,292.032
perf,"resnet_50:res4a_branch1",mb50ic512ih28oc1024oh14kh1sh2n"resnet_50:res4a_branch1",10.276,0,66.5239,154.471,66.6789,154.112
perf,"resnet_50:res4a_branch2a",mb50ic512ih28oc256oh14kh1sh2n"resnet_50:res4a_branch2a",2.56901,0,21.718,118.289,21.8816,117.405
perf,"resnet_50:res4a_branch2b",mb50ic256ih14oc256oh14kh3ph1n"resnet_50:res4a_branch2b",10.4858,0,64.8621,161.662,64.9982,161.324
perf,"resnet_50:res4a_branch2c",mb50ic256ih14oc1024oh14kh1n"resnet_50:res4a_branch2c",5.13802,0,21.5952,237.924,21.7485,236.247
perf,"resnet_50:res4b_branch2a",mb50ic1024ih14oc256oh14kh1n"resnet_50:res4b_branch2a",5.13802,0,30.238,169.919,30.3717,169.171
perf,"resnet_50:res4b_branch2b",mb50ic256ih14oc256oh14kh3ph1n"resnet_50:res4b_branch2b",10.4858,0,64.9019,161.563,65.0577,161.176
perf,"resnet_50:res4b_branch2c",mb50ic256ih14oc1024oh14kh1n"resnet_50:res4b_branch2c",5.13802,0,21.5991,237.881,21.7497,236.234
perf,"resnet_50:res4c_branch2a",mb50ic1024ih14oc256oh14kh1n"resnet_50:res4c_branch2a",5.13802,0,30.2458,169.875,30.3766,169.144
perf,"resnet_50:res4c_branch2b",mb50ic256ih14oc256oh14kh3ph1n"resnet_50:res4c_branch2b",10.4858,0,64.821,161.765,64.9952,161.331
perf,"resnet_50:res4c_branch2c",mb50ic256ih14oc1024oh14kh1n"resnet_50:res4c_branch2c",5.13802,0,21.5959,237.916,21.7489,236.243
perf,"resnet_50:res4d_branch2a",mb50ic1024ih14oc256oh14kh1n"resnet_50:res4d_branch2a",5.13802,0,30.1599,170.359,30.378,169.136
perf,"resnet_50:res4d_branch2b",mb50ic256ih14oc256oh14kh3ph1n"resnet_50:res4d_branch2b",10.4858,0,64.7771,161.874,64.9584,161.423
perf,"resnet_50:res4d_branch2c",mb50ic256ih14oc1024oh14kh1n"resnet_50:res4d_branch2c",5.13802,0,21.5898,237.983,21.7564,236.162
perf,"resnet_50:res4e_branch2a",mb50ic1024ih14oc256oh14kh1n"resnet_50:res4e_branch2a",5.13802,0,30.219,170.026,30.3703,169.179
perf,"resnet_50:res4e_branch2b",mb50ic256ih14oc256oh14kh3ph1n"resnet_50:res4e_branch2b",10.4858,0,64.7471,161.95,64.913,161.536
perf,"resnet_50:res4e_branch2c",mb50ic256ih14oc1024oh14kh1n"resnet_50:res4e_branch2c",5.13802,0,21.592,237.959,21.755,236.176
perf,"resnet_50:res4f_branch2a",mb50ic1024ih14oc256oh14kh1n"resnet_50:res4f_branch2a",5.13802,0,30.2478,169.864,30.3765,169.145
perf,"resnet_50:res4f_branch2b",mb50ic256ih14oc256oh14kh3ph1n"resnet_50:res4f_branch2b",10.4858,0,64.8101,161.792,65.0628,161.164
perf,"resnet_50:res4f_branch2c",mb50ic256ih14oc1024oh14kh1n"resnet_50:res4f_branch2c",5.13802,0,21.585,238.037,21.7418,236.32
perf,"resnet_50:res5a_branch1",mb50ic1024ih14oc2048oh7kh1sh2n"resnet_50:res5a_branch1",10.276,0,106.485,96.5022,106.598,96.4
perf,"resnet_50:res5a_branch2a",mb50ic1024ih14oc512oh7kh1sh2n"resnet_50:res5a_branch2a",2.56901,0,29.812,86.1737,29.9369,85.8141
perf,"resnet_50:res5a_branch2b",mb50ic512ih7oc512oh7kh3ph1n"resnet_50:res5a_branch2b",9.4634,0,121.209,78.0751,121.336,77.9933
perf,"resnet_50:res5a_branch2c",mb50ic512ih7oc2048oh7kh1n"resnet_50:res5a_branch2c",5.13802,0,49.1392,104.561,49.2879,104.245
perf,"resnet_50:res5b_branch2a",mb50ic2048ih7oc512oh7kh1n"resnet_50:res5b_branch2a",5.13802,0,52.7209,97.4569,52.8609,97.1989
perf,"resnet_50:res5b_branch2b",mb50ic512ih7oc512oh7kh3ph1n"resnet_50:res5b_branch2b",9.4634,0,121.21,78.0743,121.365,77.9748
perf,"resnet_50:res5b_branch2c",mb50ic512ih7oc2048oh7kh1n"resnet_50:res5b_branch2c",5.13802,0,49.1868,104.459,49.3221,104.173
perf,"resnet_50:res5c_branch2a",mb50ic2048ih7oc512oh7kh1n"resnet_50:res5c_branch2a",5.13802,0,52.7349,97.4312,52.8668,97.1881
perf,"resnet_50:res5c_branch2b",mb50ic512ih7oc512oh7kh3ph1n"resnet_50:res5c_branch2b",9.4634,0,121.195,78.084,121.292,78.0215
perf,"resnet_50:res5c_branch2c",mb50ic512ih7oc2048oh7kh1n"resnet_50:res5c_branch2c",5.13802,0,49.1812,104.471,49.3352,104.145
perf,"googlenet_v1:conv1/7x7_s2",mb96ic3ih224oc64oh112kh7sh2ph3n"googlenet_v1:conv1/7x7_s2",22.3132,0,848.746,26.2896,849.054,26.2801
perf,"googlenet_v1:conv2/3x3_reduce",mb96ic64ih56oc64oh56kh1n"googlenet_v1:conv2/3x3_reduce",2.46625,0,5.73486,430.045,5.8873,418.91
perf,"googlenet_v1:conv2/3x3",mb96ic64ih56oc192oh56kh3ph1n"googlenet_v1:conv2/3x3",65.0128,0,262.978,247.217,263.13,247.074
perf,"googlenet_v1:inception_3a/1x1",mb96ic192ih28oc64oh28kh1n"googlenet_v1:inception_3a/1x1",1.84969,0,5.68994,325.08,5.83363,317.073
perf,"googlenet_v1:inception_3a/3x3_reduce",mb96ic192ih28oc96oh28kh1n"googlenet_v1:inception_3a/3x3_reduce",2.77453,0,8.29199,334.604,8.45309,328.227
perf,"googlenet_v1:inception_3a/3x3",mb96ic96ih28oc128oh28kh3ph1n"googlenet_v1:inception_3a/3x3",15.8639,0,90.675,174.953,90.8475,174.621
perf,"googlenet_v1:inception_3a/5x5_reduce",mb96ic192ih28oc16oh28kh1n"googlenet_v1:inception_3a/5x5_reduce",0.462422,0,2.19092,211.063,2.41418,191.544
perf,"googlenet_v1:inception_3a/5x5",mb96ic16ih28oc32oh28kh5ph2n"googlenet_v1:inception_3a/5x5",1.76515,0,27.9309,63.1969,28.0958,62.8259
perf,"googlenet_v1:inception_3a/pool_proj",mb96ic192ih28oc32oh28kh1n"googlenet_v1:inception_3a/pool_proj",0.924844,0,2.99805,308.482,3.21902,287.306
perf,"googlenet_v1:inception_3b/1x1",mb96ic256ih28oc128oh28kh1n"googlenet_v1:inception_3b/1x1",4.9325,0,14.552,338.957,14.7063,335.401
perf,"googlenet_v1:inception_3b/3x3_reduce",mb96ic256ih28oc128oh28kh1n"googlenet_v1:inception_3b/3x3_reduce",4.9325,0,14.5381,339.281,14.709,335.34
perf,"googlenet_v1:inception_3b/3x3",mb96ic128ih28oc192oh28kh3ph1n"googlenet_v1:inception_3b/3x3",31.7278,0,147.658,214.873,147.852,214.591
perf,"googlenet_v1:inception_3b/5x5_reduce",mb96ic256ih28oc32oh28kh1n"googlenet_v1:inception_3b/5x5_reduce",1.23313,0,3.69189,334.009,3.92087,314.503
perf,"googlenet_v1:inception_3b/5x5",mb96ic32ih28oc96oh28kh5ph2n"googlenet_v1:inception_3b/5x5",10.5909,0,72.2942,146.497,72.4952,146.091
perf,"googlenet_v1:inception_3b/pool_proj",mb96ic256ih28oc64oh28kh1n"googlenet_v1:inception_3b/pool_proj",2.46625,0,7.323,336.782,7.50212,328.74
perf,"googlenet_v1:inception_4a/1x1",mb96ic480ih14oc192oh14kh1n"googlenet_v1:inception_4a/1x1",3.46817,0,10.4128,333.066,10.5724,328.039
perf,"googlenet_v1:inception_4a/3x3_reduce",mb96ic480ih14oc96oh14kh1n"googlenet_v1:inception_4a/3x3_reduce",1.73408,0,5.354,323.885,5.53029,313.561
perf,"googlenet_v1:inception_4a/3x3",mb96ic96ih14oc208oh14kh3ph1n"googlenet_v1:inception_4a/3x3",6.13417,0,35.2271,174.132,35.4876,172.854
perf,"googlenet_v1:inception_4a/5x5_reduce",mb96ic480ih14oc16oh14kh1n"googlenet_v1:inception_4a/5x5_reduce",0.289014,0,1.76221,164.007,1.99129,145.139
perf,"googlenet_v1:inception_4a/5x5",mb96ic16ih14oc48oh14kh5ph2n"googlenet_v1:inception_4a/5x5",0.60398,0,8.68384,69.5522,8.82911,68.4078
perf,"googlenet_v1:inception_4a/pool_proj",mb96ic480ih14oc64oh14kh1n"googlenet_v1:inception_4a/pool_proj",1.15606,0,3.62085,319.277,3.85023,300.256
perf,"googlenet_v1:loss1/conv",mb96ic512ih4oc128oh4kh1n"googlenet_v1:loss1/conv",0.201327,0,12.9968,15.4904,13.1318,15.3312
perf,"googlenet_v1:inception_4b/1x1",mb96ic512ih14oc160oh14kh1n"googlenet_v1:inception_4b/1x1",3.08281,0,17.209,179.14,17.3737,177.442
perf,"googlenet_v1:inception_4b/3x3_reduce",mb96ic512ih14oc112oh14kh1n"googlenet_v1:inception_4b/3x3_reduce",2.15797,0,12.269,175.887,12.4242,173.69
perf,"googlenet_v1:inception_4b/3x3",mb96ic112ih14oc224oh14kh3ph1n"googlenet_v1:inception_4b/3x3",7.70703,0,41.429,186.03,41.5765,185.37
perf,"googlenet_v1:inception_4b/5x5_reduce",mb96ic512ih14oc24oh14kh1n"googlenet_v1:inception_4b/5x5_reduce",0.462422,0,2.61206,177.033,2.84142,162.743
perf,"googlenet_v1:inception_4b/5x5",mb96ic24ih14oc64oh14kh5ph2n"googlenet_v1:inception_4b/5x5",1.20796,0,13.1221,92.0556,13.2714,91.0201
perf,"googlenet_v1:inception_4b/pool_proj",mb96ic512ih14oc64oh14kh1n"googlenet_v1:inception_4b/pool_proj",1.23313,0,6.45605,191.003,6.61018,186.55
perf,"googlenet_v1:inception_4c/1x1",mb96ic512ih14oc128oh14kh1n"googlenet_v1:inception_4c/1x1",2.46625,0,13.5679,181.771,13.7597,179.237
perf,"googlenet_v1:inception_4c/3x3_reduce",mb96ic512ih14oc128oh14kh1n"googlenet_v1:inception_4c/3x3_reduce",2.46625,0,13.624,181.022,13.7704,179.098
perf,"googlenet_v1:inception_4c/3x3",mb96ic128ih14oc256oh14kh3ph1n"googlenet_v1:inception_4c/3x3",10.0663,0,54.146,185.911,54.2967,185.395
perf,"googlenet_v1:inception_4c/5x5_reduce",mb96ic512ih14oc24oh14kh1n"googlenet_v1:inception_4c/5x5_reduce",0.462422,0,2.68604,172.158,2.83273,163.243
perf,"googlenet_v1:inception_4c/5x5",mb96ic24ih14oc64oh14kh5ph2n"googlenet_v1:inception_4c/5x5",1.20796,0,13.0652,92.4564,13.2668,91.0513
perf,"googlenet_v1:inception_4c/pool_proj",mb96ic512ih14oc64oh14kh1n"googlenet_v1:inception_4c/pool_proj",1.23313,0,6.45898,190.916,6.62064,186.255
perf,"googlenet_v1:inception_4d/1x1",mb96ic512ih14oc112oh14kh1n"googlenet_v1:inception_4d/1x1",2.15797,0,12.2791,175.744,12.4305,173.603
perf,"googlenet_v1:inception_4d/3x3_reduce",mb96ic512ih14oc144oh14kh1n"googlenet_v1:inception_4d/3x3_reduce",2.77453,0,15.856,174.984,16.0189,173.204
perf,"googlenet_v1:inception_4d/3x3",mb96ic144ih14oc288oh14kh3ph1n"googlenet_v1:inception_4d/3x3",12.7402,0,61.906,205.799,62.0323,205.38
perf,"googlenet_v1:inception_4d/5x5_reduce",mb96ic512ih14oc32oh14kh1n"googlenet_v1:inception_4d/5x5_reduce",0.616563,0,2.86987,214.84,3.02991,203.492
perf,"googlenet_v1:inception_4d/5x5",mb96ic32ih14oc64oh14kh5ph2n"googlenet_v1:inception_4d/5x5",1.61061,0,17.386,92.6386,17.4951,92.0607
perf,"googlenet_v1:inception_4d/pool_proj",mb96ic512ih14oc64oh14kh1n"googlenet_v1:inception_4d/pool_proj",1.23313,0,6.46191,190.83,6.60789,186.614
perf,"googlenet_v1:loss2/conv",mb96ic528ih4oc128oh4kh1n"googlenet_v1:loss2/conv",0.207618,0,7.12793,29.1274,7.29884,28.4453
perf,"googlenet_v1:inception_4e/1x1",mb96ic528ih14oc256oh14kh1n"googlenet_v1:inception_4e/1x1",5.08664,0,15.0962,336.949,15.2437,333.688
perf,"googlenet_v1:inception_4e/3x3_reduce",mb96ic528ih14oc160oh14kh1n"googlenet_v1:inception_4e/3x3_reduce",3.17915,0,9.55493,332.724,9.71578,327.215
perf,"googlenet_v1:inception_4e/3x3",mb96ic160ih14oc320oh14kh3ph1n"googlenet_v1:inception_4e/3x3",15.7286,0,73.6509,213.557,73.7943,213.142
perf,"googlenet_v1:inception_4e/5x5_reduce",mb96ic528ih14oc32oh14kh1n"googlenet_v1:inception_4e/5x5_reduce",0.63583,0,2.18701,290.73,2.35545,269.94
perf,"googlenet_v1:inception_4e/5x5",mb96ic32ih14oc128oh14kh5ph2n"googlenet_v1:inception_4e/5x5",3.22123,0,22.8621,140.898,23.0054,140.021
perf,"googlenet_v1:inception_4e/pool_proj",mb96ic528ih14oc128oh14kh1n"googlenet_v1:inception_4e/pool_proj",2.54332,0,7.71484,329.666,7.86316,323.448
perf,"googlenet_v1:inception_5a/1x1",mb96ic832ih7oc256oh7kh1n"googlenet_v1:inception_5a/1x1",2.00383,0,7.71606,259.696,7.88806,254.033
perf,"googlenet_v1:inception_5a/3x3_reduce",mb96ic832ih7oc160oh7kh1n"googlenet_v1:inception_5a/3x3_reduce",1.25239,0,6.9978,178.969,7.14879,175.19
perf,"googlenet_v1:inception_5a/3x3",mb96ic160ih7oc320oh7kh3ph1n"googlenet_v1:inception_5a/3x3",3.54877,0,23.314,152.217,23.4233,151.506
perf,"googlenet_v1:inception_5a/5x5_reduce",mb96ic832ih7oc32oh7kh1n"googlenet_v1:inception_5a/5x5_reduce",0.250479,0,2.93823,85.2481,3.14293,79.6958
perf,"googlenet_v1:inception_5a/5x5",mb96ic32ih7oc128oh7kh5ph2n"googlenet_v1:inception_5a/5x5",0.661389,0,9.08203,72.8239,9.23158,71.6442
perf,"googlenet_v1:inception_5a/pool_proj",mb96ic832ih7oc128oh7kh1n"googlenet_v1:inception_5a/pool_proj",1.00191,0,6.66113,150.412,6.80018,147.336
perf,"googlenet_v1:inception_5b/1x1",mb96ic832ih7oc384oh7kh1n"googlenet_v1:inception_5b/1x1",3.00574,0,11.906,252.456,12.0907,248.599
perf,"googlenet_v1:inception_5b/3x3_reduce",mb96ic832ih7oc192oh7kh1n"googlenet_v1:inception_5b/3x3_reduce",1.50287,0,7.37598,203.752,7.51443,199.998
perf,"googlenet_v1:inception_5b/3x3",mb96ic192ih7oc384oh7kh3ph1n"googlenet_v1:inception_5b/3x3",5.11024,0,31.2061,163.758,31.3582,162.963
perf,"googlenet_v1:inception_5b/5x5_reduce",mb96ic832ih7oc48oh7kh1n"googlenet_v1:inception_5b/5x5_reduce",0.375718,0,5.48315,68.5222,5.63633,66.66
perf,"googlenet_v1:inception_5b/5x5",mb96ic48ih7oc128oh7kh5ph2n"googlenet_v1:inception_5b/5x5",0.992084,0,19.937,49.7609,20.0579,49.461
perf,"googlenet_v1:inception_5b/pool_proj",mb96ic832ih7oc128oh7kh1n"googlenet_v1:inception_5b/pool_proj",1.00191,0,6.65796,150.484,6.8035,147.265
perf,"googlenet_v2:conv1/7x7_s2",mb96ic3ih224oc64oh112kh7sh2ph3n"googlenet_v2:conv1/7x7_s2",22.3132,0,848.725,26.2902,849.143,26.2773
perf,"googlenet_v2:conv2/3x3_reduce",mb96ic64ih56oc64oh56kh1n"googlenet_v2:conv2/3x3_reduce",2.46625,0,5.66699,435.196,5.88451,419.109
perf,"googlenet_v2:conv2/3x3",mb96ic64ih56oc192oh56kh3ph1n"googlenet_v2:conv2/3x3",65.0128,0,263.02,247.178,263.256,246.956
perf,"googlenet_v2:inception_3a/1x1",mb96ic192ih28oc64oh28kh1n"googlenet_v2:inception_3a/1x1",1.84969,0,5.64404,327.724,5.83165,317.181
perf,"googlenet_v2:inception_3a/3x3_reduce",mb96ic192ih28oc64oh28kh1n"googlenet_v2:inception_3a/3x3_reduce",1.84969,0,5.61792,329.248,5.83434,317.035
perf,"googlenet_v2:inception_3a/3x3",mb96ic64ih28oc64oh28kh3ph1n"googlenet_v2:inception_3a/3x3",5.28797,0,48.2151,109.675,48.3929,109.272
perf,"googlenet_v2:inception_3a/double3x3_reduce",mb96ic192ih28oc64oh28kh1n"googlenet_v2:inception_3a/double3x3_reduce",1.84969,0,5.61694,329.305,5.8234,317.63
perf,"googlenet_v2:inception_3a/double3x3a",mb96ic64ih28oc96oh28kh3ph1n"googlenet_v2:inception_3a/double3x3a",7.93195,0,54.667,145.096,54.8186,144.694
perf,"googlenet_v2:inception_3a/double3x3b",mb96ic96ih28oc96oh28kh3ph1n"googlenet_v2:inception_3a/double3x3b",11.8979,0,81.187,146.55,81.3892,146.186
perf,"googlenet_v2:inception_3a/pool_proj",mb96ic192ih28oc32oh28kh1n"googlenet_v2:inception_3a/pool_proj",0.924844,0,3.03003,305.226,3.21101,288.022
perf,"googlenet_v2:inception_3b/1x1",mb96ic256ih28oc64oh28kh1n"googlenet_v2:inception_3b/1x1",2.46625,0,7.30396,337.66,7.52913,327.561
perf,"googlenet_v2:inception_3b/3x3_reduce",mb96ic256ih28oc64oh28kh1n"googlenet_v2:inception_3b/3x3_reduce",2.46625,0,7.37402,334.451,7.52848,327.589
perf,"googlenet_v2:inception_3b/3x3",mb96ic64ih28oc96oh28kh3ph1n"googlenet_v2:inception_3b/3x3",7.93195,0,54.623,145.213,54.785,144.783
perf,"googlenet_v2:inception_3b/double3x3_reduce",mb96ic256ih28oc64oh28kh1n"googlenet_v2:inception_3b/double3x3_reduce",2.46625,0,7.36792,334.728,7.52426,327.773
perf,"googlenet_v2:inception_3b/double3x3a",mb96ic64ih28oc96oh28kh3ph1n"googlenet_v2:inception_3b/double3x3a",7.93195,0,54.666,145.098,54.7904,144.769
perf,"googlenet_v2:inception_3b/double3x3b",mb96ic96ih28oc96oh28kh3ph1n"googlenet_v2:inception_3b/double3x3b",11.8979,0,81.2229,146.485,81.3739,146.213
perf,"googlenet_v2:inception_3b/pool_proj",mb96ic256ih28oc64oh28kh1n"googlenet_v2:inception_3b/pool_proj",2.46625,0,7.37305,334.495,7.52943,327.548
perf,"googlenet_v2:inception_3c/3x3_reduce",mb96ic320ih28oc128oh28kh1n"googlenet_v2:inception_3c/3x3_reduce",6.16563,0,15.9612,386.289,16.1223,382.428
perf,"googlenet_v2:inception_3c/3x3",mb96ic128ih28oc160oh14kh3sh2ph1n"googlenet_v2:inception_3c/3x3",6.60996,0,42.4868,155.577,42.6551,154.963
perf,"googlenet_v2:inception_3c/double3x3_reduce",mb96ic320ih28oc64oh28kh1n"googlenet_v2:inception_3c/double3x3_reduce",3.08281,0,8.20996,375.497,8.37552,368.074
perf,"googlenet_v2:inception_3c/double3x3a",mb96ic64ih28oc96oh28kh3ph1n"googlenet_v2:inception_3c/double3x3a",7.93195,0,54.677,145.069,54.8033,144.735
perf,"googlenet_v2:inception_3c/double3x3b",mb96ic96ih28oc96oh14kh3sh2ph1n"googlenet_v2:inception_3c/double3x3b",2.97448,0,24.843,119.731,24.9849,119.051
perf,"googlenet_v2:loss1/conv",mb96ic576ih4oc128oh4kh1n"googlenet_v2:loss1/conv",0.226492,0,7.74023,29.2617,7.89017,28.7056
perf,"googlenet_v2:inception_4a/1x1",mb96ic576ih14oc224oh14kh1n"googlenet_v2:inception_4a/1x1",4.85543,0,14.406,337.042,14.5651,333.36
perf,"googlenet_v2:inception_4a/3x3_reduce",mb96ic576ih14oc64oh14kh1n"googlenet_v2:inception_4a/3x3_reduce",1.38727,0,4.29492,323.001,4.50126,308.195
perf,"googlenet_v2:inception_4a/3x3",mb96ic64ih14oc96oh14kh3ph1n"googlenet_v2:inception_4a/3x3",1.88744,0,15.936,118.438,16.0836,117.352
perf,"googlenet_v2:inception_4a/double3x3_reduce",mb96ic576ih14oc96oh14kh1n"googlenet_v2:inception_4a/double3x3_reduce",2.0809,0,6.30103,330.248,6.52118,319.098
perf,"googlenet_v2:inception_4a/double3x3a",mb96ic96ih14oc128oh14kh3ph1n"googlenet_v2:inception_4a/double3x3a",3.77487,0,26.614,141.838,26.7968,140.87
perf,"googlenet_v2:inception_4a/double3x3b",mb96ic128ih14oc128oh14kh3ph1n"googlenet_v2:inception_4a/double3x3b",5.03316,0,36.5078,137.865,36.6847,137.201
perf,"googlenet_v2:inception_4a/pool_proj",mb96ic576ih14oc128oh14kh1n"googlenet_v2:inception_4a/pool_proj",2.77453,0,8.31299,333.759,8.5079,326.113
perf,"googlenet_v2:inception_4b/1x1",mb96ic576ih14oc192oh14kh1n"googlenet_v2:inception_4b/1x1",4.1618,0,12.3481,337.038,12.5436,331.788
perf,"googlenet_v2:inception_4b/3x3_reduce",mb96ic576ih14oc96oh14kh1n"googlenet_v2:inception_4b/3x3_reduce",2.0809,0,6.35498,327.444,6.51896,319.207
perf,"googlenet_v2:inception_4b/3x3",mb96ic96ih14oc128oh14kh3ph1n"googlenet_v2:inception_4b/3x3",3.77487,0,26.5901,141.965,26.7389,141.175
perf,"googlenet_v2:inception_4b/double3x3_reduce",mb96ic576ih14oc96oh14kh1n"googlenet_v2:inception_4b/double3x3_reduce",2.0809,0,6.35693,327.343,6.52,319.156
perf,"googlenet_v2:inception_4b/double3x3a",mb96ic96ih14oc128oh14kh3ph1n"googlenet_v2:inception_4b/double3x3a",3.77487,0,26.584,141.998,26.7507,141.113
perf,"googlenet_v2:inception_4b/double3x3b",mb96ic128ih14oc128oh14kh3ph1n"googlenet_v2:inception_4b/double3x3b",5.03316,0,36.5212,137.815,36.6544,137.314
perf,"googlenet_v2:inception_4b/pool_proj",mb96ic576ih14oc128oh14kh1n"googlenet_v2:inception_4b/pool_proj",2.77453,0,8.37085,331.452,8.52287,325.54
perf,"googlenet_v2:inception_4c/1x1",mb96ic576ih14oc160oh14kh1n"googlenet_v2:inception_4c/1x1",3.46817,0,10.3801,334.116,10.5331,329.263
perf,"googlenet_v2:inception_4c/3x3_reduce",mb96ic576ih14oc128oh14kh1n"googlenet_v2:inception_4c/3x3_reduce",2.77453,0,8.37695,331.21,8.52358,325.513
perf,"googlenet_v2:inception_4c/3x3",mb96ic128ih14oc160oh14kh3ph1n"googlenet_v2:inception_4c/3x3",6.29146,0,40.967,153.574,41.1069,153.051
perf,"googlenet_v2:inception_4c/double3x3_reduce",mb96ic576ih14oc128oh14kh1n"googlenet_v2:inception_4c/double3x3_reduce",2.77453,0,8.36206,331.8,8.52248,325.555
perf,"googlenet_v2:inception_4c/double3x3a",mb96ic128ih14oc160oh14kh3ph1n"googlenet_v2:inception_4c/double3x3a",6.29146,0,41.0061,153.427,41.1321,152.957
perf,"googlenet_v2:inception_4c/double3x3b",mb96ic160ih14oc160oh14kh3ph1n"googlenet_v2:inception_4c/double3x3b",7.86432,0,48.8889,160.861,49.0658,160.281
perf,"googlenet_v2:inception_4c/pool_proj",mb96ic576ih14oc96oh14kh1n"googlenet_v2:inception_4c/pool_proj",2.0809,0,6.33301,328.58,6.51938,319.187
perf,"googlenet_v2:inception_4d/1x1",mb96ic576ih14oc96oh14kh1n"googlenet_v2:inception_4d/1x1",2.0809,0,6.32104,329.202,6.50556,319.865
perf,"googlenet_v2:inception_4d/3x3_reduce",mb96ic576ih14oc128oh14kh1n"googlenet_v2:inception_4d/3x3_reduce",2.77453,0,8.36084,331.848,8.52148,325.593
perf,"googlenet_v2:inception_4d/3x3",mb96ic128ih14oc192oh14kh3ph1n"googlenet_v2:inception_4d/3x3",7.54975,0,45.3701,166.404,45.5092,165.895
perf,"googlenet_v2:inception_4d/double3x3_reduce",mb96ic576ih14oc160oh14kh1n"googlenet_v2:inception_4d/double3x3_reduce",3.46817,0,10.3831,334.022,10.5417,328.996
perf,"googlenet_v2:inception_4d/double3x3a",mb96ic160ih14oc192oh14kh3ph1n"googlenet_v2:inception_4d/double3x3a",9.43718,0,53.8552,175.232,54.0587,174.573
perf,"googlenet_v2:inception_4d/double3x3b",mb96ic192ih14oc192oh14kh3ph1n"googlenet_v2:inception_4d/double3x3b",11.3246,0,64.5271,175.502,64.6665,175.123
perf,"googlenet_v2:inception_4d/pool_proj",mb96ic576ih14oc96oh14kh1n"googlenet_v2:inception_4d/pool_proj",2.0809,0,6.31494,329.52,6.51089,319.603
perf,"googlenet_v2:inception_4e/3x3_reduce",mb96ic576ih14oc128oh14kh1n"googlenet_v2:inception_4e/3x3_reduce",2.77453,0,8.31982,333.484,8.51865,325.701
perf,"googlenet_v2:inception_4e/3x3",mb96ic128ih14oc192oh7kh3sh2ph1n"googlenet_v2:inception_4e/3x3",1.88744,0,17.2959,109.126,17.4416,108.215
perf,"googlenet_v2:inception_4e/double3x3_reduce",mb96ic576ih14oc192oh14kh1n"googlenet_v2:inception_4e/double3x3_reduce",4.1618,0,12.3789,336.201,12.5231,332.33
perf,"googlenet_v2:inception_4e/double3x3a",mb96ic192ih14oc256oh14kh3ph1n"googlenet_v2:inception_4e/double3x3a",15.0995,0,76.354,197.756,76.4821,197.425
perf,"googlenet_v2:inception_4e/double3x3b",mb96ic256ih14oc256oh7kh3sh2ph1n"googlenet_v2:inception_4e/double3x3b",5.03316,0,46.0869,109.21,46.2314,108.869
perf,"googlenet_v2:loss2/conv",mb96ic1024ih2oc128oh2kh1n"googlenet_v2:loss2/conv",0.100663,0,10.687,9.41922,10.8872,9.24606
perf,"googlenet_v2:inception_5a/1x1",mb96ic1024ih7oc352oh7kh1n"googlenet_v2:inception_5a/1x1",3.39109,0,37.6301,90.1165,37.7641,89.7968
perf,"googlenet_v2:inception_5a/3x3_reduce",mb96ic1024ih7oc192oh7kh1n"googlenet_v2:inception_5a/3x3_reduce",1.84969,0,21.834,84.716,21.9678,84.2001
perf,"googlenet_v2:inception_5a/3x3",mb96ic192ih7oc320oh7kh3ph1n"googlenet_v2:inception_5a/3x3",4.25853,0,29.8809,142.517,30.0136,141.887
perf,"googlenet_v2:inception_5a/double3x3_reduce",mb96ic1024ih7oc160oh7kh1n"googlenet_v2:inception_5a/double3x3_reduce",1.54141,0,19.2129,80.2277,19.3298,79.7423
perf,"googlenet_v2:inception_5a/double3x3a",mb96ic160ih7oc224oh7kh3ph1n"googlenet_v2:inception_5a/double3x3a",2.48414,0,17.311,143.5,17.4926,142.011
perf,"googlenet_v2:inception_5a/double3x3b",mb96ic224ih7oc224oh7kh3ph1n"googlenet_v2:inception_5a/double3x3b",3.4778,0,23.7981,146.138,24.0072,144.865
perf,"googlenet_v2:inception_5a/pool_proj",mb96ic1024ih7oc128oh7kh1n"googlenet_v2:inception_5a/pool_proj",1.23313,0,16.616,74.2133,16.7735,73.5162
perf,"googlenet_v2:inception_5b/1x1",mb96ic1024ih7oc352oh7kh1n"googlenet_v2:inception_5b/1x1",3.39109,0,37.6311,90.1141,37.7716,89.7789
perf,"googlenet_v2:inception_5b/3x3_reduce",mb96ic1024ih7oc192oh7kh1n"googlenet_v2:inception_5b/3x3_reduce",1.84969,0,21.814,84.7938,21.9752,84.1718
perf,"googlenet_v2:inception_5b/3x3",mb96ic192ih7oc320oh7kh3ph1n"googlenet_v2:inception_5b/3x3",4.25853,0,29.9021,142.416,30.0212,141.851
perf,"googlenet_v2:inception_5b/double3x3_reduce",mb96ic1024ih7oc192oh7kh1n"googlenet_v2:inception_5b/double3x3_reduce",1.84969,0,21.8262,84.7463,21.9791,84.1568
perf,"googlenet_v2:inception_5b/double3x3a",mb96ic192ih7oc224oh7kh3ph1n"googlenet_v2:inception_5b/double3x3a",2.98097,0,22.0281,135.326,22.1618,134.509
perf,"googlenet_v2:inception_5b/double3x3b",mb96ic224ih7oc224oh7kh3ph1n"googlenet_v2:inception_5b/double3x3b",3.4778,0,23.8062,146.088,24.0206,144.784
perf,"googlenet_v2:inception_5b/pool_proj",mb96ic1024ih7oc128oh7kh1n"googlenet_v2:inception_5b/pool_proj",1.23313,0,16.5588,74.4693,16.7529,73.6067
